{
  "results": [
    {
      "name": "Apple"
    },
    {
      "name": "Ball"
    },
    {
      "name": "C"
    },
    {
      "name": "C#"
    },
    {
      "name": "C++"
    },
    {
      "name": "Clojure"
    },
    {
      "name": "Dog"
    },
    {
      "name": "Elm"
    },
    {
      "name": "Friend"
    },
    {
      "name": "Go"
    },
    {
      "name": "Haskell"
    },
    {
      "name": "India"
    },
    {
      "name": "Java"
    },
    {
      "name": "Javascript"
    },
    {
      "name": "King"
    },
    {
      "name": "Lion"
    },
    {
      "name": "Mother"
    },
    {
      "name": "Noor"
    },
    {
      "name": "Orange"
    },
    {
      "name": "Perl"
    },
    {
      "name": "PHP"
    },
    {
      "name": "Python"
    },
    {
      "name": "Qatar"
    },
    {
      "name": "Ruby"
    },
    {
      "name": "Scala"
    },
    {
      "name": "Turtle"
    },
    {
      "name": "Umm"
    },
    {
      "name": "Vishal"
    },
    {
      "name": "Wonder"
    },
    {
      "name": "X-mas"
    },
    {
      "name": "Yellow"
    },
    {
      "name": "Zebra"
    }
  ]
}